<?xml version="1.0" encoding="UTF-8"?>
<!DOCTYPE mapper PUBLIC "-//mybatis.org//DTD Mapper 3.0//EN" "http://mybatis.org/dtd/mybatis-3-mapper.dtd">

<mapper namespace="com.cl.dao.BinglidanganDao">

	<!-- 可根据自己的需求，是否要使用 -->
    <resultMap type="com.cl.entity.BinglidanganEntity" id="binglidanganMap">
        <result property="binglibianhao" column="binglibianhao"/>
        <result property="laorenxingming" column="laorenxingming"/>
        <result property="jiashuzhanghao" column="jiashuzhanghao"/>
        <result property="jiashuxingming" column="jiashuxingming"/>
        <result property="xingbie" column="xingbie"/>
        <result property="nianling" column="nianling"/>
        <result property="binglixiangqing" column="binglixiangqing"/>
        <result property="binglibaogao" column="binglibaogao"/>
        <result property="dengjishijian" column="dengjishijian"/>
    </resultMap>

    <select id="selectListView"
		resultType="com.cl.entity.view.BinglidanganView" >

		SELECT  binglidangan.* FROM binglidangan  binglidangan 	        
        <where> 1=1 ${ew.sqlSegment}</where>
	</select>
	
	<select id="selectView"
		resultType="com.cl.entity.view.BinglidanganView" >
		SELECT * FROM binglidangan  binglidangan <where> 1=1 ${ew.sqlSegment}</where>
	</select>
	

</mapper>
