<?xml version="1.0" encoding="UTF-8"?>
<!DOCTYPE mapper PUBLIC "-//mybatis.org//DTD Mapper 3.0//EN" "http://mybatis.org/dtd/mybatis-3-mapper.dtd">

<mapper namespace="com.cl.dao.ChuxingxinxiDao">

	<!-- 可根据自己的需求，是否要使用 -->
    <resultMap type="com.cl.entity.ChuxingxinxiEntity" id="chuxingxinxiMap">
        <result property="chuxingriqi" column="chuxingriqi"/>
        <result property="chuxingfangshi" column="chuxingfangshi"/>
        <result property="qidian" column="qidian"/>
        <result property="zhongdian" column="zhongdian"/>
        <result property="beizhu" column="beizhu"/>
        <result property="jiashuzhanghao" column="jiashuzhanghao"/>
        <result property="jiashuxingming" column="jiashuxingming"/>
        <result property="laorenxingming" column="laorenxingming"/>
    </resultMap>

    <select id="selectListView"
		resultType="com.cl.entity.view.ChuxingxinxiView" >

		SELECT  chuxingxinxi.* FROM chuxingxinxi  chuxingxinxi 	        
        <where> 1=1 ${ew.sqlSegment}</where>
	</select>
	
	<select id="selectView"
		resultType="com.cl.entity.view.ChuxingxinxiView" >
		SELECT * FROM chuxingxinxi  chuxingxinxi <where> 1=1 ${ew.sqlSegment}</where>
	</select>
	

</mapper>
