<?xml version="1.0" encoding="UTF-8"?>
<!DOCTYPE mapper PUBLIC "-//mybatis.org//DTD Mapper 3.0//EN" "http://mybatis.org/dtd/mybatis-3-mapper.dtd">

<mapper namespace="com.cl.dao.ChuxingpeihuDao">

	<!-- 可根据自己的需求，是否要使用 -->
    <resultMap type="com.cl.entity.ChuxingpeihuEntity" id="chuxingpeihuMap">
        <result property="fuwuleixing" column="fuwuleixing"/>
        <result property="fuwuneirong" column="fuwuneirong"/>
        <result property="fabushijian" column="fabushijian"/>
    </resultMap>

    <select id="selectListView"
		resultType="com.cl.entity.view.ChuxingpeihuView" >

		SELECT  chuxingpeihu.* FROM chuxingpeihu  chuxingpeihu 	        
        <where> 1=1 ${ew.sqlSegment}</where>
	</select>
	
	<select id="selectView"
		resultType="com.cl.entity.view.ChuxingpeihuView" >
		SELECT * FROM chuxingpeihu  chuxingpeihu <where> 1=1 ${ew.sqlSegment}</where>
	</select>
	

</mapper>
