<?xml version="1.0" encoding="UTF-8"?>
<!DOCTYPE mapper PUBLIC "-//mybatis.org//DTD Mapper 3.0//EN" "http://mybatis.org/dtd/mybatis-3-mapper.dtd">

<mapper namespace="com.cl.dao.HugongDao">

	<!-- 可根据自己的需求，是否要使用 -->
    <resultMap type="com.cl.entity.HugongEntity" id="hugongMap">
        <result property="hugongzhanghao" column="hugongzhanghao"/>
        <result property="hugongxingming" column="hugongxingming"/>
        <result property="touxiang" column="touxiang"/>
        <result property="xingbie" column="xingbie"/>
        <result property="lianxidianhua" column="lianxidianhua"/>
        <result property="shenfenzhenghao" column="shenfenzhenghao"/>
    </resultMap>

    <select id="selectListView"
		resultType="com.cl.entity.view.HugongView" >

		SELECT  hugong.* FROM hugong  hugong 	        
        <where> 1=1 ${ew.sqlSegment}</where>
	</select>
	
	<select id="selectView"
		resultType="com.cl.entity.view.HugongView" >
		SELECT * FROM hugong  hugong <where> 1=1 ${ew.sqlSegment}</where>
	</select>
	

</mapper>
