<?xml version="1.0" encoding="UTF-8"?>
<!DOCTYPE mapper PUBLIC "-//mybatis.org//DTD Mapper 3.0//EN" "http://mybatis.org/dtd/mybatis-3-mapper.dtd">

<mapper namespace="com.cl.dao.JiashuDao">

	<!-- 可根据自己的需求，是否要使用 -->
    <resultMap type="com.cl.entity.JiashuEntity" id="jiashuMap">
        <result property="jiashuzhanghao" column="jiashuzhanghao"/>
        <result property="jiashumima" column="jiashumima"/>
        <result property="jiashuxingming" column="jiashuxingming"/>
        <result property="touxiang" column="touxiang"/>
        <result property="xingbie" column="xingbie"/>
        <result property="shoujihaoma" column="shoujihaoma"/>
    </resultMap>

    <select id="selectListView"
		resultType="com.cl.entity.view.JiashuView" >

		SELECT  jiashu.* FROM jiashu  jiashu 	        
        <where> 1=1 ${ew.sqlSegment}</where>
	</select>
	
	<select id="selectView"
		resultType="com.cl.entity.view.JiashuView" >
		SELECT * FROM jiashu  jiashu <where> 1=1 ${ew.sqlSegment}</where>
	</select>
	

</mapper>
