<?xml version="1.0" encoding="UTF-8"?>
<!DOCTYPE mapper PUBLIC "-//mybatis.org//DTD Mapper 3.0//EN" "http://mybatis.org/dtd/mybatis-3-mapper.dtd">

<mapper namespace="com.cl.dao.LaorenruzhudengjiDao">

	<!-- 可根据自己的需求，是否要使用 -->
    <resultMap type="com.cl.entity.LaorenruzhudengjiEntity" id="laorenruzhudengjiMap">
        <result property="ruzhuriqi" column="ruzhuriqi"/>
        <result property="laorenxingming" column="laorenxingming"/>
        <result property="xingbie" column="xingbie"/>
        <result property="nianling" column="nianling"/>
        <result property="jiashuzhanghao" column="jiashuzhanghao"/>
        <result property="jiashuxingming" column="jiashuxingming"/>
    </resultMap>

    <select id="selectListView"
		resultType="com.cl.entity.view.LaorenruzhudengjiView" >

		SELECT  laorenruzhudengji.* FROM laorenruzhudengji  laorenruzhudengji 	        
        <where> 1=1 ${ew.sqlSegment}</where>
	</select>
	
	<select id="selectView"
		resultType="com.cl.entity.view.LaorenruzhudengjiView" >
		SELECT * FROM laorenruzhudengji  laorenruzhudengji <where> 1=1 ${ew.sqlSegment}</where>
	</select>
	

</mapper>
