<?xml version="1.0" encoding="UTF-8"?>
<!DOCTYPE mapper PUBLIC "-//mybatis.org//DTD Mapper 3.0//EN" "http://mybatis.org/dtd/mybatis-3-mapper.dtd">

<mapper namespace="com.cl.dao.LiuyanfankuiDao">

	<!-- 可根据自己的需求，是否要使用 -->
    <resultMap type="com.cl.entity.LiuyanfankuiEntity" id="liuyanfankuiMap">
        <result property="jiashuzhanghao" column="jiashuzhanghao"/>
        <result property="jiashuxingming" column="jiashuxingming"/>
        <result property="fankuibiaoti" column="fankuibiaoti"/>
        <result property="fankuineirong" column="fankuineirong"/>
        <result property="fankuishijian" column="fankuishijian"/>
        <result property="sfsh" column="sfsh"/>
        <result property="shhf" column="shhf"/>
    </resultMap>

    <select id="selectListView"
		resultType="com.cl.entity.view.LiuyanfankuiView" >

		SELECT  liuyanfankui.* FROM liuyanfankui  liuyanfankui 	        
        <where> 1=1 ${ew.sqlSegment}</where>
	</select>
	
	<select id="selectView"
		resultType="com.cl.entity.view.LiuyanfankuiView" >
		SELECT * FROM liuyanfankui  liuyanfankui <where> 1=1 ${ew.sqlSegment}</where>
	</select>
	

</mapper>
