<?xml version="1.0" encoding="UTF-8"?>
<!DOCTYPE mapper PUBLIC "-//mybatis.org//DTD Mapper 3.0//EN" "http://mybatis.org/dtd/mybatis-3-mapper.dtd">

<mapper namespace="com.cl.dao.MeiricanyinDao">

	<!-- 可根据自己的需求，是否要使用 -->
    <resultMap type="com.cl.entity.MeiricanyinEntity" id="meiricanyinMap">
        <result property="riqi" column="riqi"/>
        <result property="canci" column="canci"/>
        <result property="caipin" column="caipin"/>
        <result property="yingyangchengfen" column="yingyangchengfen"/>
        <result property="pengrenfangfa" column="pengrenfangfa"/>
        <result property="jiashuzhanghao" column="jiashuzhanghao"/>
        <result property="jiashuxingming" column="jiashuxingming"/>
    </resultMap>

    <select id="selectListView"
		resultType="com.cl.entity.view.MeiricanyinView" >

		SELECT  meiricanyin.* FROM meiricanyin  meiricanyin 	        
        <where> 1=1 ${ew.sqlSegment}</where>
	</select>
	
	<select id="selectView"
		resultType="com.cl.entity.view.MeiricanyinView" >
		SELECT * FROM meiricanyin  meiricanyin <where> 1=1 ${ew.sqlSegment}</where>
	</select>
	

</mapper>
