<?xml version="1.0" encoding="UTF-8"?>
<!DOCTYPE mapper PUBLIC "-//mybatis.org//DTD Mapper 3.0//EN" "http://mybatis.org/dtd/mybatis-3-mapper.dtd">

<mapper namespace="com.cl.dao.PaibanxinxiDao">

	<!-- 可根据自己的需求，是否要使用 -->
    <resultMap type="com.cl.entity.PaibanxinxiEntity" id="paibanxinxiMap">
        <result property="hugongzhanghao" column="hugongzhanghao"/>
        <result property="hugongxingming" column="hugongxingming"/>
        <result property="riqi" column="riqi"/>
        <result property="banci" column="banci"/>
        <result property="shangbanshijian" column="shangbanshijian"/>
        <result property="xiabanshijian" column="xiabanshijian"/>
        <result property="beizhu" column="beizhu"/>
    </resultMap>

    <select id="selectListView"
		resultType="com.cl.entity.view.PaibanxinxiView" >

		SELECT  paibanxinxi.* FROM paibanxinxi  paibanxinxi 	        
        <where> 1=1 ${ew.sqlSegment}</where>
	</select>
	
	<select id="selectView"
		resultType="com.cl.entity.view.PaibanxinxiView" >
		SELECT * FROM paibanxinxi  paibanxinxi <where> 1=1 ${ew.sqlSegment}</where>
	</select>
	

</mapper>
