<?xml version="1.0" encoding="UTF-8"?>
<!DOCTYPE mapper PUBLIC "-//mybatis.org//DTD Mapper 3.0//EN" "http://mybatis.org/dtd/mybatis-3-mapper.dtd">

<mapper namespace="com.cl.dao.WaichubaobeiDao">

	<!-- 可根据自己的需求，是否要使用 -->
    <resultMap type="com.cl.entity.WaichubaobeiEntity" id="waichubaobeiMap">
        <result property="jiashuzhanghao" column="jiashuzhanghao"/>
        <result property="jiashuxingming" column="jiashuxingming"/>
        <result property="laorenxingming" column="laorenxingming"/>
        <result property="waichuyuanyin" column="waichuyuanyin"/>
        <result property="waichushijian" column="waichushijian"/>
        <result property="sfsh" column="sfsh"/>
        <result property="shhf" column="shhf"/>
    </resultMap>

    <select id="selectListView"
		resultType="com.cl.entity.view.WaichubaobeiView" >

		SELECT  waichubaobei.* FROM waichubaobei  waichubaobei 	        
        <where> 1=1 ${ew.sqlSegment}</where>
	</select>
	
	<select id="selectView"
		resultType="com.cl.entity.view.WaichubaobeiView" >
		SELECT * FROM waichubaobei  waichubaobei <where> 1=1 ${ew.sqlSegment}</where>
	</select>
	

</mapper>
