<?xml version="1.0" encoding="UTF-8"?>
<!DOCTYPE mapper PUBLIC "-//mybatis.org//DTD Mapper 3.0//EN" "http://mybatis.org/dtd/mybatis-3-mapper.dtd">

<mapper namespace="com.cl.dao.XiuxianyuleDao">

	<!-- 可根据自己的需求，是否要使用 -->
    <resultMap type="com.cl.entity.XiuxianyuleEntity" id="xiuxianyuleMap">
        <result property="huodongmingcheng" column="huodongmingcheng"/>
        <result property="huodongtupian" column="huodongtupian"/>
        <result property="huodongshijian" column="huodongshijian"/>
        <result property="huodongdidian" column="huodongdidian"/>
        <result property="huodongxiangqing" column="huodongxiangqing"/>
        <result property="fabushijian" column="fabushijian"/>
    </resultMap>

    <select id="selectListView"
		resultType="com.cl.entity.view.XiuxianyuleView" >

		SELECT  xiuxianyule.* FROM xiuxianyule  xiuxianyule 	        
        <where> 1=1 ${ew.sqlSegment}</where>
	</select>
	
	<select id="selectView"
		resultType="com.cl.entity.view.XiuxianyuleView" >
		SELECT * FROM xiuxianyule  xiuxianyule <where> 1=1 ${ew.sqlSegment}</where>
	</select>
	

</mapper>
