<?xml version="1.0" encoding="UTF-8"?>
<!DOCTYPE mapper PUBLIC "-//mybatis.org//DTD Mapper 3.0//EN" "http://mybatis.org/dtd/mybatis-3-mapper.dtd">

<mapper namespace="com.cl.dao.YiliaofuwuDao">

	<!-- 可根据自己的需求，是否要使用 -->
    <resultMap type="com.cl.entity.YiliaofuwuEntity" id="yiliaofuwuMap">
        <result property="yiyuanmingcheng" column="yiyuanmingcheng"/>
        <result property="yiliaoxiangmu" column="yiliaoxiangmu"/>
        <result property="leixing" column="leixing"/>
        <result property="xiangmujianjie" column="xiangmujianjie"/>
        <result property="xiangmuxiangqing" column="xiangmuxiangqing"/>
    </resultMap>

    <select id="selectListView"
		resultType="com.cl.entity.view.YiliaofuwuView" >

		SELECT  yiliaofuwu.* FROM yiliaofuwu  yiliaofuwu 	        
        <where> 1=1 ${ew.sqlSegment}</where>
	</select>
	
	<select id="selectView"
		resultType="com.cl.entity.view.YiliaofuwuView" >
		SELECT * FROM yiliaofuwu  yiliaofuwu <where> 1=1 ${ew.sqlSegment}</where>
	</select>
	

</mapper>
