<?xml version="1.0" encoding="UTF-8"?>
<!DOCTYPE mapper PUBLIC "-//mybatis.org//DTD Mapper 3.0//EN" "http://mybatis.org/dtd/mybatis-3-mapper.dtd">

<mapper namespace="com.cl.dao.YuyuechuxingpeihuDao">

	<!-- 可根据自己的需求，是否要使用 -->
    <resultMap type="com.cl.entity.YuyuechuxingpeihuEntity" id="yuyuechuxingpeihuMap">
        <result property="fuwuleixing" column="fuwuleixing"/>
        <result property="fuwuneirong" column="fuwuneirong"/>
        <result property="fabushijian" column="fabushijian"/>
        <result property="laorenxingming" column="laorenxingming"/>
        <result property="jiashuzhanghao" column="jiashuzhanghao"/>
        <result property="jiashuxingming" column="jiashuxingming"/>
        <result property="shoujihaoma" column="shoujihaoma"/>
        <result property="yuyueshijian" column="yuyueshijian"/>
        <result property="peihuxuqiu" column="peihuxuqiu"/>
    </resultMap>

    <select id="selectListView"
		resultType="com.cl.entity.view.YuyuechuxingpeihuView" >

		SELECT  yuyuechuxingpeihu.* FROM yuyuechuxingpeihu  yuyuechuxingpeihu 	        
        <where> 1=1 ${ew.sqlSegment}</where>
	</select>
	
	<select id="selectView"
		resultType="com.cl.entity.view.YuyuechuxingpeihuView" >
		SELECT * FROM yuyuechuxingpeihu  yuyuechuxingpeihu <where> 1=1 ${ew.sqlSegment}</where>
	</select>
	

</mapper>
