<?xml version="1.0" encoding="UTF-8"?>
<!DOCTYPE mapper PUBLIC "-//mybatis.org//DTD Mapper 3.0//EN" "http://mybatis.org/dtd/mybatis-3-mapper.dtd">

<mapper namespace="com.cl.dao.YuyueyiliaofuwuDao">

	<!-- 可根据自己的需求，是否要使用 -->
    <resultMap type="com.cl.entity.YuyueyiliaofuwuEntity" id="yuyueyiliaofuwuMap">
        <result property="yiyuanmingcheng" column="yiyuanmingcheng"/>
        <result property="yiliaoxiangmu" column="yiliaoxiangmu"/>
        <result property="leixing" column="leixing"/>
        <result property="xiangmujianjie" column="xiangmujianjie"/>
        <result property="xiangmuxiangqing" column="xiangmuxiangqing"/>
        <result property="laorenxingming" column="laorenxingming"/>
        <result property="jiashuzhanghao" column="jiashuzhanghao"/>
        <result property="jiashuxingming" column="jiashuxingming"/>
        <result property="yuyueshijian" column="yuyueshijian"/>
    </resultMap>

    <select id="selectListView"
		resultType="com.cl.entity.view.YuyueyiliaofuwuView" >

		SELECT  yuyueyiliaofuwu.* FROM yuyueyiliaofuwu  yuyueyiliaofuwu 	        
        <where> 1=1 ${ew.sqlSegment}</where>
	</select>
	
	<select id="selectView"
		resultType="com.cl.entity.view.YuyueyiliaofuwuView" >
		SELECT * FROM yuyueyiliaofuwu  yuyueyiliaofuwu <where> 1=1 ${ew.sqlSegment}</where>
	</select>
	

</mapper>
