<?xml version="1.0" encoding="UTF-8"?>
<project xmlns="http://maven.apache.org/POM/4.0.0" xmlns:xsi="http://www.w3.org/2001/XMLSchema-instance"
	xsi:schemaLocation="http://maven.apache.org/POM/4.0.0 https://maven.apache.org/xsd/maven-4.0.0.xsd">
	<modelVersion>4.0.0</modelVersion>
	<parent>
		<groupId>org.springframework.boot</groupId>
		<artifactId>spring-boot-starter-parent</artifactId>
		<version>2.2.2.RELEASE</version>
		<relativePath/> <!-- lookup parent from repository -->
	</parent>
	<groupId>com.cl</groupId>
	<!-- 导入项目的名称 -->
	<artifactId>cl32683157</artifactId>
	<version>0.0.1-SNAPSHOT</version>
	<name>springboot-schema</name>
	<description>springboot学习框架(war包对应的pom，打war包，执行【mvn clean package -f pom-war.xml】)</description>
	<packaging>war</packaging>

	<properties>
		<java.version>1.8</java.version>
		<fastjson.version>1.2.8</fastjson.version>
		<maven-jar-plugin.version>3.1.1</maven-jar-plugin.version>
	</properties>

	<dependencies>
		<dependency>
			<groupId>org.springframework.boot</groupId>
			<artifactId>spring-boot-starter-web</artifactId>
		</dependency>
		<dependency>
			<groupId>org.mybatis.spring.boot</groupId>
			<artifactId>mybatis-spring-boot-starter</artifactId>
			<version>2.1.1</version>
		</dependency>
		<dependency>
		    <groupId>org.springframework.boot</groupId>
		    <artifactId>spring-boot-starter-jdbc</artifactId>
		</dependency>
		
		<dependency>
            <groupId>org.springframework.boot</groupId>
            <artifactId>spring-boot-starter-tomcat</artifactId>
            <scope>provided</scope>
		</dependency>
		
		<dependency>
		    <groupId>mysql</groupId>
		    <artifactId>mysql-connector-java</artifactId>
		</dependency>
		<dependency>
			<groupId>org.apache.shiro</groupId>
			<artifactId>shiro-spring</artifactId>
			<version>1.3.2</version>
		</dependency>
		
		<dependency>
			<groupId>com.baomidou</groupId>
			<artifactId>mybatis-plus</artifactId>
			<version>2.3</version>
		</dependency>
		<dependency>
			<groupId>com.baomidou</groupId>
			<artifactId>mybatisplus-spring-boot-starter</artifactId>
			<version>1.0.5</version>
		</dependency>
		<dependency>
		    <groupId>com.google.protobuf</groupId>
		    <artifactId>protobuf-java</artifactId>
		    <version>3.10.0</version>
		</dependency>
		
        <dependency>
            <groupId>org.apache.commons</groupId>
            <artifactId>commons-lang3</artifactId>
            <version>3.0</version>
        </dependency>

		<dependency>
		    <groupId>javax.validation</groupId>
		    <artifactId>validation-api</artifactId>
		    <version>2.0.1.Final</version>
		</dependency>
		
		<dependency>
		    <groupId>commons-io</groupId>
		    <artifactId>commons-io</artifactId>
		    <version>2.5</version>
		</dependency>
		
		
		<dependency>
		    <groupId>cn.hutool</groupId>
		    <artifactId>hutool-all</artifactId>
		    <version>4.0.12</version>
		</dependency>
		
		<!-- FastJson -->
		<dependency>
			<groupId>com.alibaba</groupId>
			<artifactId>fastjson</artifactId>
			<version>${fastjson.version}</version>
		</dependency>
		<!-- 百度人工智能 -->
		<dependency>
    		<groupId>com.baidu.aip</groupId>
    		<artifactId>java-sdk</artifactId>
    		<version>4.4.1</version>
		</dependency>

        <dependency>
            <groupId>org.apache.poi</groupId>
            <artifactId>poi</artifactId>
            <version>3.11</version>
        </dependency>

        <dependency>
            <groupId>org.apache.poi</groupId>
            <artifactId>poi-ooxml</artifactId>
            <version>3.9</version>
        </dependency>


        <dependency>
            <groupId>org.apache.httpcomponents</groupId>
            <artifactId>httpclient</artifactId>
            <version>4.5.2</version>
        </dependency>
		
		<dependency>
			<groupId>org.springframework.boot</groupId>
			<artifactId>spring-boot-starter-test</artifactId>
			<scope>test</scope>
			<exclusions>
				<exclusion>
					<groupId>org.junit.vintage</groupId>
					<artifactId>junit-vintage-engine</artifactId>
				</exclusion>
			</exclusions>
		</dependency>
	</dependencies>

	
	<build>
		<finalName>cl32683157</finalName>
		<plugins>
			<plugin>
				<groupId>org.springframework.boot</groupId>
				<artifactId>spring-boot-maven-plugin</artifactId>
			</plugin>
			<!-- 跳过单元测试 -->
			<plugin>
				<groupId>org.apache.maven.plugins</groupId>
				<artifactId>maven-surefire-plugin</artifactId>
				<configuration>
					<skipTests>true</skipTests>
				</configuration>
			</plugin>
		</plugins>
	</build>

</project>
